<?xml version="1.0" encoding="UTF-8"?>
    <addon id="repository.TuTeVe" name="TuTeVe Repositorio" version="1.0.2" provider-name="TuTeVe - TTV">
        <requires>
            <import addon="xbmc.addon" version="12.0.0"/>
        </requires>
        <extension point="xbmc.addon.repository" name="TuTeVe Repositorio Oficial">
            <info compressed="false">https://pastebin.com/raw/PTxJAVsK</info>
            <checksum>https://pastebin.com/raw/PTxJAVsK</checksum>
            <datadir zip="true">https://pastebin.com/raw/in8bV6ww</datadir>
        </extension>
        <extension point="xbmc.addon.metadata">
            <summary>Repositorio Para TuTeVe</summary>
            <description>Este Repositorio Es Propiedad De TuTeVe.</description>
            <platform>all</platform>
    </extension>
</addon>